Lanae,Moseley,Lanae.Moseley@icanschool.com,GameDesign,2019,Lyon
Brynna,Kirstin,Brynna.Kirstin@icanschool.com,BD,2019,Lille
Kelly,Boycey,Kelly.Boycey@icanschool.com,GameProgramming,2019,Paris
Tracey,Tillford,Tracey.Tillford@icanschool.com,UX,2019,Lille
Alyda,Noelyn,Alyda.Noelyn@icanschool.com,BD,2019,Bordeaux
Andree,Croix,Andree.Croix@icanschool.com,Web,2019,Bordeaux
Cathyleen,Remmer,Cathyleen.Remmer@icanschool.com,GameProgramming,2019,Lyon
Claresta,Lanita,Claresta.Lanita@icanschool.com,UX,2019,Lille
Addia,Hepsibah,Addia.Hepsibah@icanschool.com,UX,2019,Bordeaux
Cordi,Bultman,Cordi.Bultman@icanschool.com,GameArt,2019,Bordeaux
Ilse,Giff,Ilse.Giff@icanschool.com,Communication,2019,Lyon
Cecile,Michella,Cecile.Michella@icanschool.com,BD,2019,Lille
Phedra,Glovsky,Phedra.Glovsky@icanschool.com,Web,2019,Lille
Merle,Ferrell,Merle.Ferrell@icanschool.com,Web,2019,Paris
Nanete,Flita,Nanete.Flita@icanschool.com,GameProgramming,2019,Lyon
Sophia,Grimbly,Sophia.Grimbly@icanschool.com,BD,2019,Paris
Madalyn,Friede,Madalyn.Friede@icanschool.com,GameDesign,2019,Paris
Hope,Lea,Hope.Lea@icanschool.com,GameProgramming,2019,Paris
Nickie,Greyson,Nickie.Greyson@icanschool.com,UX,2019,Lille
Roseline,Iaverne,Roseline.Iaverne@icanschool.com,GameProgramming,2019,Bordeaux
Celene,Beniamino,Celene.Beniamino@icanschool.com,GameDesign,2019,Lyon
Cathie,Kussell,Cathie.Kussell@icanschool.com,BD,2019,Lille
Rosene,Adalbert,Rosene.Adalbert@icanschool.com,Web,2019,Lille
Paola,Celestine,Paola.Celestine@icanschool.com,GameArt,2019,Paris
Penelopa,Vorster,Penelopa.Vorster@icanschool.com,GameDesign,2019,Bordeaux
Feliza,Fink,Feliza.Fink@icanschool.com,BD,2019,Bordeaux
Rayna,Billye,Rayna.Billye@icanschool.com,GameDesign,2019,Lyon
Jenda,Magdalen,Jenda.Magdalen@icanschool.com,UX,2019,Lille
Hayley,Fillbert,Hayley.Fillbert@icanschool.com,Communication,2019,Lille
Marline,Grobe,Marline.Grobe@icanschool.com,Communication,2019,Lille
Dotty,Noelyn,Dotty.Noelyn@icanschool.com,GameProgramming,2019,Bordeaux
Jeanna,Edee,Jeanna.Edee@icanschool.com,Web,2019,Lille
Gianina,Mich,Gianina.Mich@icanschool.com,Web,2019,Paris
Nessie,Ulphia,Nessie.Ulphia@icanschool.com,UX,2019,Lyon
Tilly,Adalbert,Tilly.Adalbert@icanschool.com,BD,2019,Lille
Tierney,Woodberry,Tierney.Woodberry@icanschool.com,BD,2019,Lille
Cindelyn,Gamaliel,Cindelyn.Gamaliel@icanschool.com,GameArt,2019,Paris
Aubrie,Cynar,Aubrie.Cynar@icanschool.com,GameProgramming,2019,Paris
Rosabelle,Tremayne,Rosabelle.Tremayne@icanschool.com,GameProgramming,2019,Lille
Orsola,August,Orsola.August@icanschool.com,Web,2019,Lyon
Marita,Minetta,Marita.Minetta@icanschool.com,GameDesign,2019,Bordeaux
Darlleen,Bryna,Darlleen.Bryna@icanschool.com,GameProgramming,2019,Bordeaux
Corene,Seligman,Corene.Seligman@icanschool.com,BD,2019,Lyon
Laure,Oriana,Laure.Oriana@icanschool.com,Web,2019,Lille
Ruthe,Wilkinson,Ruthe.Wilkinson@icanschool.com,UX,2019,Lille
Dari,Lytton,Dari.Lytton@icanschool.com,Web,2019,Lyon
Tybie,Alarise,Tybie.Alarise@icanschool.com,BD,2019,Paris
Nataline,Rosalba,Nataline.Rosalba@icanschool.com,GameArt,2019,Lille
Evaleen,Hull,Evaleen.Hull@icanschool.com,GameProgramming,2019,Lille
Tamqrah,Mathilde,Tamqrah.Mathilde@icanschool.com,GameArt,2019,Lyon
Tina,Kussell,Tina.Kussell@icanschool.com,BD,2019,Lille
Bobinette,Diogenes,Bobinette.Diogenes@icanschool.com,UX,2019,Lille
Andree,Sherfield,Andree.Sherfield@icanschool.com,Web,2019,Lille
Darci,Stevy,Darci.Stevy@icanschool.com,BD,2019,Bordeaux
Evaleen,Hertzfeld,Evaleen.Hertzfeld@icanschool.com,GameArt,2019,Bordeaux
Carmela,Clywd,Carmela.Clywd@icanschool.com,UX,2019,Lyon
Celestyna,Ball,Celestyna.Ball@icanschool.com,GameProgramming,2019,Paris
Kaia,Edvard,Kaia.Edvard@icanschool.com,GameDesign,2019,Paris
Norine,Aaberg,Norine.Aaberg@icanschool.com,Communication,2019,Lyon
Bibby,Wu,Bibby.Wu@icanschool.com,GameArt,2019,Lyon
Caritta,Sibyls,Caritta.Sibyls@icanschool.com,GameArt,2019,Lyon
Vevay,Anestassia,Vevay.Anestassia@icanschool.com,BD,2019,Bordeaux
Ulrike,Korey,Ulrike.Korey@icanschool.com,BD,2019,Bordeaux
Mureil,Cottle,Mureil.Cottle@icanschool.com,Web,2019,Paris
Jemie,Pozzy,Jemie.Pozzy@icanschool.com,Web,2019,Lille
Silvana,Guildroy,Silvana.Guildroy@icanschool.com,GameArt,2019,Lille
Shauna,Dyche,Shauna.Dyche@icanschool.com,GameDesign,2019,Bordeaux
Patricia,Aida,Patricia.Aida@icanschool.com,BD,2019,Paris
Elise,Mozelle,Elise.Mozelle@icanschool.com,GameArt,2019,Paris
Roxane,Rozanna,Roxane.Rozanna@icanschool.com,BD,2019,Lille
Orelia,Aurelio,Orelia.Aurelio@icanschool.com,GameDesign,2019,Bordeaux
Carly,LaRue,Carly.LaRue@icanschool.com,BD,2019,Paris
Gusty,Dom,Gusty.Dom@icanschool.com,GameProgramming,2019,Bordeaux
Kassey,Esmaria,Kassey.Esmaria@icanschool.com,GameArt,2019,Paris
Jean,Ivens,Jean.Ivens@icanschool.com,GameDesign,2019,Paris
Selia,Chinua,Selia.Chinua@icanschool.com,GameDesign,2019,Lille
Judy,Wandie,Judy.Wandie@icanschool.com,GameProgramming,2019,Paris
Jerry,Sabella,Jerry.Sabella@icanschool.com,UX,2019,Paris
Lynea,Lory,Lynea.Lory@icanschool.com,GameProgramming,2019,Lyon
Christal,Campball,Christal.Campball@icanschool.com,Web,2019,Lille
Starla,Glovsky,Starla.Glovsky@icanschool.com,GameArt,2019,Lille
Paule,Gwenore,Paule.Gwenore@icanschool.com,GameArt,2019,Lille
Gisela,Mayeda,Gisela.Mayeda@icanschool.com,Web,2019,Lyon
Cathie,Cloris,Cathie.Cloris@icanschool.com,Web,2019,Paris
Catrina,Mintz,Catrina.Mintz@icanschool.com,GameArt,2019,Bordeaux
Tressa,Henebry,Tressa.Henebry@icanschool.com,GameArt,2019,Lille
Jinny,Vernier,Jinny.Vernier@icanschool.com,BD,2019,Bordeaux
Peri,Esmaria,Peri.Esmaria@icanschool.com,Communication,2019,Lyon
Netty,Bonucci,Netty.Bonucci@icanschool.com,GameArt,2019,Bordeaux
Kore,McCutcheon,Kore.McCutcheon@icanschool.com,GameDesign,2019,Lyon
Demetris,Shaddock,Demetris.Shaddock@icanschool.com,GameProgramming,2019,Paris
Glynnis,Roarke,Glynnis.Roarke@icanschool.com,BD,2019,Bordeaux
Elfreda,Jalbert,Elfreda.Jalbert@icanschool.com,GameProgramming,2019,Bordeaux
Kathi,Seumas,Kathi.Seumas@icanschool.com,BD,2019,Lille
Thalia,Longfellow,Thalia.Longfellow@icanschool.com,GameArt,2019,Lille
Madalyn,Land,Madalyn.Land@icanschool.com,GameArt,2019,Lyon
Janis,Jehu,Janis.Jehu@icanschool.com,GameProgramming,2019,Paris
Renie,Drus,Renie.Drus@icanschool.com,BD,2019,Lille
Nadine,Fitzsimmons,Nadine.Fitzsimmons@icanschool.com,GameDesign,2019,Lille
Ekaterina,Peti,Ekaterina.Peti@icanschool.com,UX,2019,Bordeaux
Bettine,Lindemann,Bettine.Lindemann@icanschool.com,UX,2019,Paris
Korrie,Haymes,Korrie.Haymes@icanschool.com,GameArt,2019,Lyon
Kial,Rhu,Kial.Rhu@icanschool.com,GameProgramming,2019,Lille
Tilly,Andrel,Tilly.Andrel@icanschool.com,Web,2019,Paris
Kristina,Blake,Kristina.Blake@icanschool.com,UX,2019,Lille
Mureil,Janene,Mureil.Janene@icanschool.com,BD,2019,Paris
Sandie,Lubin,Sandie.Lubin@icanschool.com,GameDesign,2019,Lille
Ketti,O'Rourke,Ketti.O'Rourke@icanschool.com,UX,2019,Paris
Nariko,Ephrem,Nariko.Ephrem@icanschool.com,GameArt,2019,Lyon
Gertrud,Chick,Gertrud.Chick@icanschool.com,GameProgramming,2019,Lyon
Antonietta,Stefa,Antonietta.Stefa@icanschool.com,BD,2019,Lille
Cathie,Hoban,Cathie.Hoban@icanschool.com,BD,2019,Paris
Gianina,Mallon,Gianina.Mallon@icanschool.com,BD,2019,Paris
Annabela,Henrie,Annabela.Henrie@icanschool.com,UX,2019,Paris
Amara,Dituri,Amara.Dituri@icanschool.com,GameProgramming,2019,Bordeaux
Wileen,Ricarda,Wileen.Ricarda@icanschool.com,GameDesign,2019,Paris
Jacenta,Fink,Jacenta.Fink@icanschool.com,Communication,2019,Lyon
Annora,Corrine,Annora.Corrine@icanschool.com,BD,2019,Lyon
Neila,Jefferey,Neila.Jefferey@icanschool.com,GameProgramming,2019,Lyon
Kylynn,Afton,Kylynn.Afton@icanschool.com,GameArt,2019,Paris
Eadie,Modie,Eadie.Modie@icanschool.com,GameDesign,2019,Lyon
Julieta,Shaver,Julieta.Shaver@icanschool.com,UX,2019,Paris
Merle,Ambrosia,Merle.Ambrosia@icanschool.com,GameProgramming,2019,Lyon
Bee,Pattin,Bee.Pattin@icanschool.com,GameProgramming,2019,Lyon
Angelique,Suanne,Angelique.Suanne@icanschool.com,GameArt,2019,Lille
Marita,Pozzy,Marita.Pozzy@icanschool.com,GameProgramming,2019,Lyon
Susan,Behre,Susan.Behre@icanschool.com,Communication,2019,Paris
Mamie,Middleton,Mamie.Middleton@icanschool.com,GameArt,2019,Paris
Addia,Yam,Addia.Yam@icanschool.com,GameArt,2019,Lyon
Nanete,Henebry,Nanete.Henebry@icanschool.com,Web,2019,Lille
Kelly,Talia,Kelly.Talia@icanschool.com,BD,2019,Lille
Jinny,Junie,Jinny.Junie@icanschool.com,GameProgramming,2019,Lille
Rosaline,Imelida,Rosaline.Imelida@icanschool.com,GameDesign,2019,Lyon
Dari,Taima,Dari.Taima@icanschool.com,Communication,2019,Paris
Edyth,Malina,Edyth.Malina@icanschool.com,UX,2019,Lille
Cissiee,Darbie,Cissiee.Darbie@icanschool.com,UX,2019,Paris
Asia,Teryn,Asia.Teryn@icanschool.com,GameArt,2019,Lyon
Sibella,Stacy,Sibella.Stacy@icanschool.com,Communication,2019,Bordeaux
Hannis,Sacken,Hannis.Sacken@icanschool.com,GameProgramming,2019,Bordeaux
Antonietta,Vastah,Antonietta.Vastah@icanschool.com,BD,2019,Lille
Inga,Federica,Inga.Federica@icanschool.com,UX,2019,Bordeaux
Korrie,Infield,Korrie.Infield@icanschool.com,BD,2019,Lille
Starla,Nea,Starla.Nea@icanschool.com,Web,2019,Lille
Florie,Bahr,Florie.Bahr@icanschool.com,Web,2019,Lyon
Atlanta,Felizio,Atlanta.Felizio@icanschool.com,Communication,2019,Lyon
Modestia,Howlyn,Modestia.Howlyn@icanschool.com,Web,2019,Lille
Merle,Ophelia,Merle.Ophelia@icanschool.com,GameDesign,2019,Lille
Jany,Emmy,Jany.Emmy@icanschool.com,Web,2019,Bordeaux
Flo,Mallon,Flo.Mallon@icanschool.com,GameArt,2019,Lyon
Julieta,Emmy,Julieta.Emmy@icanschool.com,GameArt,2019,Lille
Edee,Fabiola,Edee.Fabiola@icanschool.com,GameDesign,2019,Lyon
Layla,Ahab,Layla.Ahab@icanschool.com,GameProgramming,2019,Paris
Silvana,Martguerita,Silvana.Martguerita@icanschool.com,BD,2019,Bordeaux
Katharina,Kaja,Katharina.Kaja@icanschool.com,GameArt,2019,Bordeaux
Genevra,Merell,Genevra.Merell@icanschool.com,GameArt,2019,Paris
Britte,Monk,Britte.Monk@icanschool.com,GameDesign,2019,Lyon
Krystle,Phaidra,Krystle.Phaidra@icanschool.com,BD,2019,Lyon
Libbie,Willie,Libbie.Willie@icanschool.com,Web,2019,Paris
Grier,Bethany,Grier.Bethany@icanschool.com,UX,2019,Paris
Cassondra,Gusella,Cassondra.Gusella@icanschool.com,Communication,2019,Lyon
Danny,Remmer,Danny.Remmer@icanschool.com,UX,2019,Bordeaux
Philis,Lumbard,Philis.Lumbard@icanschool.com,Web,2019,Lyon
Emilia,Kirbee,Emilia.Kirbee@icanschool.com,GameProgramming,2019,Paris
Caritta,Carolin,Caritta.Carolin@icanschool.com,GameDesign,2019,Paris
Cherrita,Chaing,Cherrita.Chaing@icanschool.com,GameProgramming,2019,Lille
Collen,Greyson,Collen.Greyson@icanschool.com,GameProgramming,2019,Lyon
Johna,Munn,Johna.Munn@icanschool.com,UX,2019,Lyon
Kylynn,Friede,Kylynn.Friede@icanschool.com,GameDesign,2019,Lille
Gabriellia,Zachary,Gabriellia.Zachary@icanschool.com,Communication,2019,Bordeaux
Willetta,Remmer,Willetta.Remmer@icanschool.com,Web,2019,Paris

